{"cameraMode":{"drawMode":0,"name":"Shaded","section":"Shading Mode"},"sceneLighting":true,"audioPlay":false,"sceneViewState":{"m_AlwaysRefresh":false,"showFog":true,"showSkybox":true,"showFlares":true,"showImageEffects":true,"showParticleSystems":true,"showVisualEffectGraphs":true,"m_FxEnabled":true},"in2DMode":false,"pivot":{"x":-0.019546955823898317,"y":1.3613834381103516,"z":-25.386497497558595},"rotation":{"x":0.001368688652291894,"y":0.9983763098716736,"z":0.028152761980891229,"w":-0.04916151612997055},"size":1.455373764038086,"orthographic":false}