{"cameraMode":{"drawMode":0,"name":"Shaded","section":"Shading Mode"},"sceneLighting":true,"audioPlay":false,"sceneViewState":{"m_AlwaysRefresh":false,"showFog":true,"showSkybox":true,"showFlares":true,"showImageEffects":true,"showParticleSystems":true,"showVisualEffectGraphs":true,"m_FxEnabled":true},"in2DMode":false,"pivot":{"x":-1.2406574487686158,"y":2.9676363468170168,"z":-12.675407409667969},"rotation":{"x":-0.0016152476891875268,"y":0.463630348443985,"z":-0.0008185407496057451,"w":-0.8860142230987549},"size":1.455373764038086,"orthographic":false}